{
  "results": [
    {
      "command": "elm-test-rs w=1 (11-file full)",
      "mean": 1.713682977325,
      "stddev": 0.03823405379908928,
      "median": 1.7021597537,
      "user": 0.9657927399999999,
      "system": 0.30893213999999997,
      "min": 1.6869738367,
      "max": 1.8038948367,
      "times": [
        1.6900011287,
        1.6928304197,
        1.8038948367,
        1.6869738367,
        1.7231712526999998,
        1.7027988367,
        1.7015206707,
        1.7082728367
      ],
      "memory_usage_byte": [
        1422868480,
        1422917632,
        1422917632,
        1422917632,
        1422917632,
        1422917632,
        1422917632,
        1422917632
      ],
      "exit_codes": [
        0,
        0,
        0,
        0,
        0,
        0,
        0,
        0
      ]
    },
    {
      "command": "elm-test-rs w=default (11-file full)",
      "mean": 1.3941955867,
      "stddev": 0.030173875649457817,
      "median": 1.3888175657,
      "user": 2.5016562399999995,
      "system": 0.42250589000000005,
      "min": 1.3594975036999999,
      "max": 1.4482136696999999,
      "times": [
        1.4482136696999999,
        1.3905910867,
        1.3819034617,
        1.3649643367,
        1.3594975036999999,
        1.4285424196999998,
        1.3870440446999999,
        1.3928081707
      ],
      "memory_usage_byte": [
        1422917632,
        1422917632,
        1422917632,
        1422917632,
        1422917632,
        1422917632,
        1422917632,
        1422917632
      ],
      "exit_codes": [
        0,
        0,
        0,
        0,
        0,
        0,
        0,
        0
      ]
    },
    {
      "command": "elm-test (11-file full)",
      "mean": 1.4519636494500001,
      "stddev": 0.3446885863605003,
      "median": 1.3374752952,
      "user": 0.76499099,
      "system": 0.23098413999999998,
      "min": 1.3077207946999998,
      "max": 2.3041341287,
      "times": [
        1.3513067117,
        1.3153739207,
        1.3160860456999999,
        1.3391004617,
        1.3358501287,
        2.3041341287,
        1.3461370037,
        1.3077207946999998
      ],
      "memory_usage_byte": [
        1425063936,
        1425080320,
        1425096704,
        1425096704,
        1425096704,
        1430765568,
        1430765568,
        1430765568
      ],
      "exit_codes": [
        0,
        0,
        0,
        0,
        0,
        0,
        0,
        0
      ]
    },
    {
      "command": "TestRunner (11-file full)",
      "mean": 8.960843518949998,
      "stddev": 0.04456966981058495,
      "median": 8.966987336199999,
      "user": 9.846886115,
      "system": 0.31105239,
      "min": 8.8641565867,
      "max": 9.022912503699999,
      "times": [
        8.9688390447,
        9.022912503699999,
        8.9717002537,
        8.9496515867,
        8.9643684197,
        8.8641565867,
        8.9799841287,
        8.965135627699999
      ],
      "memory_usage_byte": [
        1466548224,
        1466548224,
        1466548224,
        1466548224,
        1466548224,
        1466548224,
        1466548224,
        1466548224
      ],
      "exit_codes": [
        0,
        0,
        0,
        0,
        0,
        0,
        0,
        0
      ]
    }
  ]
}
