{
  "results": [
    {
      "command": "elm-test-rs w=1 (8-file subset)",
      "mean": 1.359879096945,
      "stddev": 0.029435024538691464,
      "median": 1.36783144082,
      "user": 0.567978475,
      "system": 0.28718132999999996,
      "min": 1.31993008632,
      "max": 1.40637629532,
      "times": [
        1.36506162832,
        1.33031208632,
        1.3809512533200001,
        1.37060125332,
        1.31993008632,
        1.40637629532,
        1.33354096132,
        1.37225921132
      ],
      "memory_usage_byte": [
        1421770752,
        1421770752,
        1421770752,
        1421770752,
        1421770752,
        1421770752,
        1421787136,
        1421836288
      ],
      "exit_codes": [
        0,
        0,
        0,
        0,
        0,
        0,
        0,
        0
      ]
    },
    {
      "command": "elm-test-rs w=default (8-file subset)",
      "mean": 1.2495158104450002,
      "stddev": 0.02508596547481669,
      "median": 1.2531598158200001,
      "user": 1.4089486,
      "system": 0.353161455,
      "min": 1.20760371132,
      "max": 1.27568112832,
      "times": [
        1.2525297533200002,
        1.24782775332,
        1.27568112832,
        1.2698255443200002,
        1.25378987832,
        1.21732750332,
        1.27154121132,
        1.20760371132
      ],
      "memory_usage_byte": [
        1421836288,
        1421836288,
        1421836288,
        1421836288,
        1421836288,
        1421836288,
        1421836288,
        1421836288
      ],
      "exit_codes": [
        0,
        0,
        0,
        0,
        0,
        0,
        0,
        0
      ]
    },
    {
      "command": "elm-test (8-file subset)",
      "mean": 1.297337169695,
      "stddev": 0.3056098228655841,
      "median": 1.1962649618199999,
      "user": 0.5897457250000001,
      "system": 0.21283833,
      "min": 1.16908158632,
      "max": 2.05315533632,
      "times": [
        1.19955458732,
        1.16908158632,
        1.19297533632,
        2.05315533632,
        1.20070271132,
        1.19978354432,
        1.17788016932,
        1.18556408632
      ],
      "memory_usage_byte": [
        1423982592,
        1424031744,
        1424031744,
        1429716992,
        1429716992,
        1429716992,
        1429716992,
        1429716992
      ],
      "exit_codes": [
        0,
        0,
        0,
        0,
        0,
        0,
        0,
        0
      ]
    },
    {
      "command": "TestRunner (8-file subset)",
      "mean": 2.10003974807,
      "stddev": 0.06323020323928057,
      "median": 2.10579533682,
      "user": 2.55305185,
      "system": 0.28660733,
      "min": 2.00766887832,
      "max": 2.2150297123200002,
      "times": [
        2.08376608632,
        2.09972521232,
        2.11186546132,
        2.13589667032,
        2.11254204432,
        2.2150297123200002,
        2.03382391932,
        2.00766887832
      ],
      "memory_usage_byte": [
        1429716992,
        1429716992,
        1429716992,
        1429716992,
        1429716992,
        1429716992,
        1429716992,
        1429716992
      ],
      "exit_codes": [
        0,
        0,
        0,
        0,
        0,
        0,
        0,
        0
      ]
    }
  ]
}
